foodId,label,category,foodContentsLabel,image
6111037000599,Familia 200g,"en:plant-based-foods-and-beverages, en:dairies, en:plant-based-foods, en:fats, en:spreads, en:plant-based-spreads, en:vegetable-fats, en:spreadable-fats, en:animal-fats, en:dairy-spreads, en:margarines, en:milkfat, en:butters","Margarine allégée (60%M.G.):Corps gras et huiles 100% végétales, eau, sel (1%), lécithine (E322), Monoglycéride (E471), Amidon, Sorbate de potassium (E202), Acide citrique (E330), Arôme, Antioxydant (E321), Colorant, Vitamines. Contient du soja.",https://images.openfoodfacts.org/images/products/611/103/700/0599/front_fr.31.400.jpg
6111242105331,Beurre Frais Pasteurisé,"en:dairies, en:fats, en:spreads, en:spreadable-fats, en:animal-fats, en:dairy-spreads, en:milkfat, en:butters, en:pasteurized-butters",Beurre pasteurisé à 82% de matière grasse laitière,https://images.openfoodfacts.org/images/products/611/124/210/5331/front_fr.22.400.jpg
3451790988677,Le Beurre Tendre Doux,"en:dairies, en:fats, en:spreads, en:spreadable-fats, en:animal-fats, en:dairy-spreads, en:milkfat, en:butters, en:unsalted-butters, en:sweet-cream-butters, en:butter-82-fat-unsalted-easy-to-spread, fr:beurres-tendres","cream (origin france), milk fat , lactic ferments,",https://images.openfoodfacts.org/images/products/345/179/098/8677/front_en.186.400.jpg
6111099005396,مارغرين المائدة,"en:plant-based-foods-and-beverages, en:dairies, en:plant-based-foods, en:fats, en:spreads, en:plant-based-spreads, en:salted-spreads, en:vegetable-fats, en:spreadable-fats, en:animal-fats, en:dairy-spreads, en:margarines, en:milkfat, en:butters","huile végétale non hydrogénée, eau, lait écrémé en poudre, sel, émulsifiants (E322, lécithine de tournesol, E476, E471), conservateurs (E202, E330), colorant (E160a), vitamines A, D, E",https://images.openfoodfacts.org/images/products/611/109/900/5396/front_ar.17.400.jpg
6111203007520,tartine la Prairie classique 450g,"en:plant-based-foods-and-beverages, en:dairies, en:plant-based-foods, en:fats, en:spreads, en:plant-based-spreads, en:vegetable-fats, en:spreadable-fats, en:animal-fats, en:dairy-spreads, en:margarines, en:milkfat, en:butters","Corps gras végétal, eau, sucre, sel, مادة دسمة نباتية، ماء ، سكر، ملح مستحلب : أحادي وثنائي كلسريد نباتي ليستين الصوجا Emulsifiant : mono-diglycerides végétales كالسيوم، نشأ الذرة مادة حافضة : سوربات lécithine de soja, calcium, amidon البوتاسيوم مادة مضادة للأكسدة، E321 Conservateur: sorbate de potassium, arôme beurre, Colorant: B-carotène, 7 vitamines: A, B6, B2, B1, E, D et B12. محمض : حامض الستريك نكهة الزبدة ، ملون, antioxydant : E 321 Acidifiant : acide citrique بيتا كاروتين 7 فيتامينات : D، E ، B1، B2 ، B6 A ، و B12. أنتج بتاريخ (P) ويستحسن الإستهلاك قبل (E) : أنظر فوق الغطاء. ا قد يحتوي على Date de Production (P) et",https://images.openfoodfacts.org/images/products/611/120/300/7520/front_fr.26.400.jpg
3155251205500,Beurre doux gastronomique,"en:dairies, en:fats, en:spreads, en:spreadable-fats, en:animal-fats, en:dairy-spreads, en:milkfat, en:butters, en:unsalted-butters, en:pasteurized-butters, en:sweet-cream-butters","Beurre (lait) (origine crème : France),",https://images.openfoodfacts.org/images/products/315/525/120/5500/front_fr.227.400.jpg
3523230030793,Beurre demi sel aux cristaux de Sel de Mer de Noirmoutier,"en:dairies, en:fats, en:spreads, en:spreadable-fats, en:animal-fats, en:dairy-spreads, en:milkfat, en:butters, en:half-salted-butter, en:molded-butters, en:pasteurized-butters","_Crème_ pasteurisée (origine France), sel ajouté 3% dont 2% de cristaux de sel marin de Noirmoutier, ferments lactiques (dont _lait_)",https://images.openfoodfacts.org/images/products/352/323/003/0793/front_en.24.400.jpg
3155251205524,Beurre Tendre Doux,"en:dairies, en:fats, en:spreads, en:spreadable-fats, en:animal-fats, en:dairy-spreads, en:milkfat, en:butters, en:butter-fat, en:unsalted-butters, en:sweet-cream-butters","Beurre (lain) (crème (origine France et UE), matière grasse laitière, ferments lactiques). Nos beurres Président sont fabriqués en Normandie ou en Bretagne. En moyenne sur l'année, les crèmes utilisées sont très majoritairement françaises. Il peut arriver que nous sélectionnions des crèmes origine UE pour couvrir nos besoins sans jamais transiger sur la qualité",https://images.openfoodfacts.org/images/products/315/525/120/5524/front_fr.146.400.jpg
6111242660373,Beurre badaouia,"en:dairies, en:fats, en:spreads, en:spreadable-fats, en:animal-fats, en:dairy-spreads, en:milkfat, en:butters","8296 JY a le 3 نسبة الجوامد الصلبة الحليبية غيرالدهنية لا تزيد عن % الرطوبة لا تزيد عن %16ء تحفظ بدرجة 18. منوية قبل التوايع Ingréidients : Crème de lait de vache, matière grasse pas moins de 82%, matière laitière solide n grasse 2%, humidité pas pius de 16%",https://images.openfoodfacts.org/images/products/611/124/266/0373/front_fr.20.400.jpg
3451790988813,Le Beurre Tendre Demi-Sel Barquette,"en:dairies, en:fats, en:spreads, en:spreadable-fats, en:animal-fats, en:dairy-spreads, en:milkfat, en:butters, en:half-salted-butter, fr:beurres-tendres","CREME (Origine France), matière grasse LAITIERE, sel (2%), ferments lactiques",https://images.openfoodfacts.org/images/products/345/179/098/8813/front_en.122.400.jpg
5740900404465,LUPARK Slightly Salted,"en:dairies, en:fats, en:spreads, en:spreadable-fats, en:animal-fats, en:dairy-spreads, en:milkfat, en:butters","butter (64%) (milk), rapeseed oil, water, lactic culture (milk), salt",https://images.openfoodfacts.org/images/products/574/090/040/4465/front_en.30.400.jpg
3228020215090,Краве масло 82%,"en:dairies, en:fats, en:spreads, en:spreadable-fats, en:animal-fats, en:dairy-spreads, en:milkfat, en:butters, en:unsalted-butters",butter 100%,https://images.openfoodfacts.org/images/products/322/802/021/5090/front_bg.110.400.jpg
3451790011245,Le Beurre Doux Leger 41%MG Barquette,"en:dairies, en:fats, en:spreads, en:spreadable-fats, en:animal-fats, en:dairy-spreads, en:milkfat, en:butters, en:unsalted-butters, en:light-butter, en:unsalted-light-butter-with-39-41-fat","Eau, beurre concentré, babeurre, fécule, arômes naturels (lait), protéines de lait, fibre végétale, sel (0,3%), concentré de paprika.",https://images.openfoodfacts.org/images/products/345/179/001/1245/front_fr.83.400.jpg
6111032007043,beurre central 1kg,"en:dairies, en:fats, en:spreads, en:spreadable-fats, en:animal-fats, en:dairy-spreads, en:milkfat, en:butters",beurre,https://images.openfoodfacts.org/images/products/611/103/200/7043/front_fr.23.400.jpg
3412290015980,beurre moulé doux,"en:dairies, en:fats, en:spreads, en:fresh-foods, en:spreadable-fats, en:animal-fats, en:dairy-spreads, en:milkfat, en:butters, en:unsalted-butters, en:molded-butters, en:pasteurized-butters, en:sweet-cream-butters",_Beurre,https://images.openfoodfacts.org/images/products/341/229/001/5980/front_fr.107.400.jpg
3451790563256,Beurre à teneur réduite en M.G. (60%) doux,"en:dairies, en:fats, en:spreads, en:spreadable-fats, en:animal-fats, en:dairy-spreads, en:milkfat, en:butters, en:unsalted-butters, en:light-butter, en:light-unsalted-butter-with-60-62-fat, en:sweet-cream-butters","butter (eu origin) water, lactic ferments (milk) net weight: 250ge",https://images.openfoodfacts.org/images/products/345/179/056/3256/front_en.140.400.jpg
3700342358933,Beurre doux bio,"en:dairies, en:fats, en:spreads, en:spreadable-fats, en:animal-fats, en:dairy-spreads, en:milkfat, en:butters, en:unsalted-butters, en:sweet-cream-butters","_Crème_ pasteurisée issue de l'agriculture biologique (lait origine France), ferments _lactiques_ (_lait_)",https://images.openfoodfacts.org/images/products/370/034/235/8933/front_fr.27.400.jpg
3412290015997,Paysan Breton - Beurre moulé demi-sel,"en:dairies, en:fats, en:spreads, en:spreadable-fats, en:animal-fats, en:dairy-spreads, en:milkfat, en:butters, en:half-salted-butter, en:molded-butters, en:pasteurized-butters","_Beurre_, sel 2%",https://images.openfoodfacts.org/images/products/341/229/001/5997/front_fr.75.400.jpg
3366321055516,l'original,"en:plant-based-foods-and-beverages, en:dairies, en:plant-based-foods, en:fats, en:spreads, en:plant-based-spreads, en:vegetable-fats, en:spreadable-fats, en:animal-fats, en:dairy-spreads, en:margarines, en:milkfat, en:butters","Eau, huiles et stéarine végétales 44% (colza, coprah, palme), beurre (LAIT) 10%, émulsifiant (lécithine de SOJA), sel 0,4%, correcteur d'acidité (acide lactique), conservateur (sorbate de potassium), arôme naturel, colorant (bêta-carotène). Traces éventuelles d'ARACHIDES.",https://images.openfoodfacts.org/images/products/336/632/105/5516/front_fr.3.400.jpg
3228020215106,Beurre gastronomique demi-sel,"en:dairies, en:fats, en:spreads, en:spreadable-fats, en:animal-fats, en:dairy-spreads, en:milkfat, en:butters, en:half-salted-butter","Beurre (lait) (origine crème : France), sel (3% max).",https://images.openfoodfacts.org/images/products/322/802/021/5106/front_fr.109.400.jpg
3354599571005,Beurre plaquette AOP doux,"en:dairies, en:fats, en:spreads, en:spreadable-fats, en:animal-fats, en:dairy-spreads, en:milkfat, en:butters, en:butter-fat, en:unsalted-butters, en:pasteurized-butters, en:sweet-cream-butters","_Crème_ pasteurisée, ferments lactiques (dont _lait_)",https://images.openfoodfacts.org/images/products/335/459/957/1005/front_en.88.400.jpg
3254550020262,"Beurre d'Isigny doux, extra -fin","en:dairies, en:fats, en:spreads, en:spreadable-fats, en:animal-fats, en:dairy-spreads, en:milkfat, en:butters, en:french-butters, en:sweet-cream-butters, fr:beurre-d-isigny","Crème de _lait_ pasteurisée, ferments _lactiques_",https://images.openfoodfacts.org/images/products/325/455/002/0262/front_fr.63.400.jpg
3412290016055,Beurre moulé demi sel,"en:dairies, en:fats, en:spreads, en:spreadable-fats, en:animal-fats, en:dairy-spreads, en:milkfat, en:butters, en:half-salted-butter, en:molded-butters, en:pasteurized-butters","_Beurre_, sel 2%",https://images.openfoodfacts.org/images/products/341/229/001/6055/front_fr.43.400.jpg
4001954161010,"Kerrygold, original irische Butter aus Weidemilch","en:dairies, en:fats, en:spreads, en:spreadable-fats, en:animal-fats, en:dairy-spreads, en:milkfat, en:butters",Butter,https://images.openfoodfacts.org/images/products/400/195/416/1010/front_en.191.400.jpg
6111037002647,magdor,"en:dairies, en:fats, en:spreads, en:spreadable-fats, en:animal-fats, en:dairy-spreads, en:milkfat, en:butters","huiles 100% végétales raffinées et partiellement hydrogénées, eau, sel, émulsifiants lécithine et monoglycérides d'acides gras, amidon, conservateur sorbate de potassium, acidifiant acide citrique, arôme, antioxydant BHT, colorant bêta-carotène, vitamine A, vitamine D3",https://images.openfoodfacts.org/images/products/611/103/700/2647/front_fr.3.400.jpg
3252920015306,"Beurre de Baratte Grand Cru à la crème maturée non pasteurisée, Doux","en:dairies, en:fats, en:spreads, en:spreadable-fats, en:animal-fats, en:dairy-spreads, en:milkfat, en:butters, en:sweet-cream-butters, fr:beurres-de-baratte, fr:beurres-crus","Crème de lait non pasteurisée (lait : origine France), ferments lactiques.",https://images.openfoodfacts.org/images/products/325/292/001/5306/front_fr.35.400.jpg
5740900404779,lurpak plant based,"en:plant-based-foods-and-beverages, en:dairies, en:plant-based-foods, en:fats, en:spreads, en:plant-based-spreads, en:vegetable-fats, en:spreadable-fats, en:animal-fats, en:dairy-spreads, en:margarines, en:milkfat, en:butters","plant oils (rapeseed, coconut, shea), water, oat, culture, salt, carrot concentrate, lemon concentrate",https://images.openfoodfacts.org/images/products/574/090/040/4779/front_en.28.400.jpg
3155253020958,Tendre,"en:dairies, en:fats, en:spreads, en:frozen-foods, en:spreadable-fats, en:animal-fats, en:dairy-spreads, en:milkfat, en:butters","Beurre (lait), eau, ferments lactiques (lait)",https://images.openfoodfacts.org/images/products/315/525/302/0958/front_fr.10.400.jpg
8480000207166,Mantequilla sin sal,"en:dairies, en:fats, en:spreads, en:spreadable-fats, en:animal-fats, en:dairy-spreads, en:milkfat, en:butters","NATA pasteurizada, fermentos lácticos y vitamina A, beta-caroteno",https://images.openfoodfacts.org/images/products/848/000/020/7166/front_en.54.400.jpg
6111242103863,beurre jaouda 1kg,"en:dairies, en:fats, en:spreads, en:spreadable-fats, en:animal-fats, en:dairy-spreads, en:milkfat, en:butters",,https://images.openfoodfacts.org/images/products/611/124/210/3863/front_fr.18.400.jpg
8719200265806,Margarina Tulipán,"en:plant-based-foods-and-beverages, en:dairies, en:plant-based-foods, en:fats, en:spreads, en:plant-based-spreads, en:vegetable-fats, en:spreadable-fats, en:animal-fats, en:dairy-spreads, en:margarines, en:milkfat, en:butters","Aceites vegetales (nabina, girasol en proporciones variables), Val agua, grasa de coco, emulgente (lecitina de girasol, mono y diglicéridos de ácidos grasos), sal (0,3%), aroma natural, vitaminas (A, D, E),

Apto para veganos, Sin conservantes, Sin aromas artificiales, ,quot,Herramienta de evaluación del ciclo de vida (desarrollada por Quantis) que compara Tulipán y mantequilla láctea (2023), Ver tulipan,es/sostenibilidad",https://images.openfoodfacts.org/images/products/871/920/026/5806/front_es.39.400.jpg
4056489849742,Irische Butter,"en:dairies, en:fats, en:spreads, en:spreadable-fats, en:animal-fats, en:dairy-spreads, en:milkfat, en:butters","50g 50g Nährwerte 0/100 g 50g Irische Butter, Mildgesäuerte Butter, 82% Fett. 50g 50g Energie 3067 kJ/746 kcal LIDL Fett 82,3 g Butter aus Irland. Abgepackt in Deutschland. Ungeöffnet unter +8 °C",https://images.openfoodfacts.org/images/products/405/648/984/9742/front_de.27.400.jpg
5601049614330,Manteiga Açoriana,"en:dairies, en:fats, en:spreads, en:spreadable-fats, en:animal-fats, en:dairy-spreads, en:milkfat, en:butters, en:salted-butters","_Nata_ pasteurizada e sal: 1,5%.",https://images.openfoodfacts.org/images/products/560/104/961/4330/front_pt.31.400.jpg
6111242105348,beurre jaouda 100g,"en:dairies, en:fats, en:spreads, en:spreadable-fats, en:animal-fats, en:dairy-spreads, en:milkfat, en:butters, fr:beurre-extrait-du-lait-frais-de-nos-elecages",,https://images.openfoodfacts.org/images/products/611/124/210/5348/front_en.7.400.jpg
3412290016000,Paysan Breton - Beurre moulé doux,"en:dairies, en:fats, en:spreads, en:spreadable-fats, en:animal-fats, en:dairy-spreads, en:milkfat, en:butters, en:molded-butters, en:sweet-cream-butters",_Beurre,https://images.openfoodfacts.org/images/products/341/229/001/6000/front_en.7.400.jpg
3451790934865,Le Beurre De Condé-Sur-Vire Doux,"en:dairies, en:fats, en:spreads, en:spreadable-fats, en:animal-fats, en:dairy-spreads, en:milkfat, en:butters, en:unsalted-butters, en:sweet-cream-butters",BEURRE (Lait : Origine Normandie),https://images.openfoodfacts.org/images/products/345/179/093/4865/front_en.21.400.jpg
3560070590582,Beurre moulé de baratte doux,"en:dairies, en:fats, en:spreads, en:spreadable-fats, en:animal-fats, en:dairy-spreads, en:milkfat, en:butters, en:unsalted-butters, en:molded-butters, en:sweet-cream-butters","Crème de _lait_ pasteurisée biologique (origine France), ferments _lactiques_.",https://images.openfoodfacts.org/images/products/356/007/059/0582/front_fr.39.400.jpg
5601049612336,Manteiga Tradicional Com Sal,"en:dairies, en:fats, en:spreads, en:spreadable-fats, en:animal-fats, en:dairy-spreads, en:milkfat, en:butters, en:salted-butters","_Nata_ pasteurizada, sal: 1,2%, _fermentos lácteos_.",https://images.openfoodfacts.org/images/products/560/104/961/2336/front_pt.75.400.jpg
3155250366974,Beurre Tendre Demi Sel,"en:dairies, en:fats, en:spreads, en:spreadable-fats, en:animal-fats, en:dairy-spreads, en:milkfat, en:butters, en:half-salted-butter","Beurre (crème origine UE), sel (3% max).",https://images.openfoodfacts.org/images/products/315/525/036/6974/front_fr.76.400.jpg
3564700291955,Beurre tendre doux 82% mg,"en:dairies, en:fats, en:spreads, en:spreadable-fats, en:animal-fats, en:dairy-spreads, en:milkfat, en:butters, en:unsalted-butters, en:sweet-cream-butters","Creme (origine: ue), matière grasse laitière anhydre, ferments lactiques.",https://images.openfoodfacts.org/images/products/356/470/029/1955/front_fr.60.400.jpg
3155253007737,Tendrissime,"en:dairies, en:fats, en:spreads, en:spreadable-fats, en:animal-fats, en:dairy-spreads, en:milkfat, en:butters, en:unsalted-butters","Beurre (lait), crème légère (lait) (Crème Origine UE)",https://images.openfoodfacts.org/images/products/315/525/300/7737/front_fr.22.400.jpg
40349558,Butter,"en:dairies, en:fats, en:spreads, en:spreadable-fats, en:animal-fats, en:dairy-spreads, en:milkfat, en:butters, en:sweet-cream-butters",Süẞrahmbutter.,https://images.openfoodfacts.org/images/products/000/004/034/9558/front_de.147.400.jpg
3700342358322,Beurre doux traditionnel,"en:dairies, en:fats, en:spreads, en:frozen-foods, en:spreadable-fats, en:animal-fats, en:dairy-spreads, en:milkfat, en:butters, en:unsalted-butters, en:sweet-cream-butters","crème (_lait_), ferments lactiques (_lait_).",https://images.openfoodfacts.org/images/products/370/034/235/8322/front_fr.35.400.jpg
5740900404540,"Butter, lighter, spreadable","en:dairies, en:fats, en:spreads, en:spreadable-fats, en:animal-fats, en:dairy-spreads, en:milkfat, en:butters","Butter (40%) (milk), water, rapeseed oil, salt",https://images.openfoodfacts.org/images/products/574/090/040/4540/front_en.28.400.jpg
3412290016185,Butter gesalzen,"en:dairies, en:fats, en:spreads, en:spreadable-fats, en:animal-fats, en:dairy-spreads, en:milkfat, en:butters, en:half-salted-butter, en:molded-butters","_Beurre_, sel de Guérande 2,6%",https://images.openfoodfacts.org/images/products/341/229/001/6185/front_fr.61.400.jpg
8402001017735,-,"en:dairies, en:fats, en:spreads, en:spreadable-fats, en:animal-fats, en:dairy-spreads, en:milkfat, en:butters, en:unsalted-butters","MANTEQUILLA INGREDIENTES Nata pasteurizada (leche) y fermentos lácticos (leche). Origen de la leche: España. Conse 100 g 12,5 g Valor 3051 kJ 381 kJ Energético Grasas",https://images.openfoodfacts.org/images/products/840/200/101/7735/front_en.7.400.jpg
5900512300108,Butter,"en:dairies, en:fats, en:spreads, en:spreadable-fats, en:animal-fats, en:dairy-spreads, en:milkfat, en:butters",pasteurized cream,https://images.openfoodfacts.org/images/products/590/051/230/0108/front_en.62.400.jpg
3523230000819,Beurre moulé biologique doux,"en:dairies, en:fats, en:spreads, en:spreadable-fats, en:animal-fats, en:dairy-spreads, en:milkfat, en:butters, en:unsalted-butters, en:molded-butters, en:sweet-cream-butters","pasteurized cream from organic farming, lactic ferments,",https://images.openfoodfacts.org/images/products/352/323/000/0819/front_fr.59.400.jpg
8901262010016,Amul Pasteurized Butter,"en:dairies, en:fats, en:spreads, en:spreadable-fats, en:animal-fats, en:dairy-spreads, en:milkfat, en:butters","Butter, common salt. CONTAINS PERMITTED NATURAL COLOUR [ANNATTO]",https://images.openfoodfacts.org/images/products/890/126/201/0016/front_en.53.400.jpg
3228020481150,Beurre Doux (82% MG) Gastronomique,"en:dairies, en:fats, en:spreads, en:fresh-foods, en:spreadable-fats, en:animal-fats, en:dairy-spreads, en:milkfat, en:butters, en:unsalted-butters, en:pasteurized-butters, en:sweet-cream-butters, en:unsalted-butter-with-82-fat",Beurre pasteurisé doux (crème origine UE).,https://images.openfoodfacts.org/images/products/322/802/048/1150/front_fr.69.400.jpg
20072360,Danpak Spreadable Slightly Salted,"en:dairies, en:fats, en:spreads, en:spreadable-fats, en:animal-fats, en:dairy-spreads, en:milkfat, en:butters","64% butter (milk), 26% rapeseed oil, water, 0,9% salt, allergy advice for allergens, see ingredients in bold,",https://images.openfoodfacts.org/images/products/000/002/007/2360/front_en.3.400.jpg
4088600041445,Slightly Salted Spreadable Butter,"en:dairies, en:fats, en:spreads, en:spreadable-fats, en:animal-fats, en:dairy-spreads, en:milkfat, en:butters, en:salted-butters","butter (64%) (milk), rapeseed oil, water, salt, lactic cultures (milk),",https://images.openfoodfacts.org/images/products/408/860/004/1445/front_en.28.400.jpg
6111246954614,beurre JIBAL 1kg,"en:dairies, en:fats, en:spreads, en:spreadable-fats, en:animal-fats, en:dairy-spreads, en:milkfat, en:butters",Crème de lait de vache,https://images.openfoodfacts.org/images/products/611/124/695/4614/front_fr.16.400.jpg
3228022000243,Beurre Tendre Doux,"en:dairies, en:fats, en:spreads, en:spreadable-fats, en:animal-fats, en:dairy-spreads, en:milkfat, en:butters, en:unsalted-butters, en:sweet-cream-butters","butter ,",https://images.openfoodfacts.org/images/products/322/802/200/0243/front_fr.51.400.jpg
3270190025795,Beurre DOUX,"en:dairies, en:fats, en:spreads, en:spreadable-fats, en:animal-fats, en:dairy-spreads, en:milkfat, en:butters, en:unsalted-butters, en:sweet-cream-butters",_Beurre_ issu de l'agriculture biologique.,https://images.openfoodfacts.org/images/products/327/019/002/5795/front_fr.68.400.jpg
3564707000895,Beurre doux bio 82% mg,"en:dairies, en:fats, en:spreads, en:spreadable-fats, en:animal-fats, en:dairy-spreads, en:milkfat, en:butters, en:unsalted-butters, en:pasteurized-butters, en:sweet-cream-butters, en:unsalted-butter-with-82-fat","Crème pasteurisée*, ferments lactiques (dont lait).
*Ingrédient issu de l'agriculture biologique",https://images.openfoodfacts.org/images/products/356/470/700/0895/front_fr.45.400.jpg
3451790153051,Le Léger 20%MG Doux Barquette,"en:dairies, en:fats, en:spreads, en:spreadable-fats, en:animal-fats, en:dairy-spreads, en:milkfat, en:butters, en:unsalted-butters, en:light-butter","Eau, matière grasse LAITière, amidon modifié, maltodextrine, lactose (LAIT), arômes naturels (LAIT), émulsifiants : E471, E476, sel (0,5%), lactate de calcium, protéines de LAIT, conservateur : E202, colorant : E160a, vitamines A, D et E",https://images.openfoodfacts.org/images/products/345/179/015/3051/front_fr.98.400.jpg
3228022000298,Beurre Léger Doux 40% MG,"en:dairies, en:fats, en:spreads, en:spreadable-fats, en:animal-fats, en:dairy-spreads, en:milkfat, en:butters, en:light-butter","Eau, beurre (_lait_), amidon modifié, gélatine, ferments lactiques (_lait_), sel, émulsifiant: E471, conservateur: sorbate de potassium, colorant: béta-carotène, vitamines A et E, arôme naturel.",https://images.openfoodfacts.org/images/products/322/802/200/0298/front_fr.149.400.jpg
8410297132209,Mantequilla,"en:dairies, en:fats, en:spreads, en:spreadable-fats, en:animal-fats, en:dairy-spreads, en:milkfat, en:butters",Mantequilla de leche,https://images.openfoodfacts.org/images/products/841/029/713/2209/front_en.79.400.jpg
3523230009362,Beurre moulé AOP doux,"en:dairies, en:fats, en:spreads, en:spreadable-fats, en:animal-fats, en:dairy-spreads, en:milkfat, en:butters, en:unsalted-butters, en:french-butters, en:molded-butters, en:sweet-cream-butters, fr:beurre-charentes-poitou","_Crème_ fraîche pasteurisée, ferments lactiques (dont _lait_)",https://images.openfoodfacts.org/images/products/352/323/000/9362/front_fr.31.400.jpg
5740900402751,Lurpak Spreadable,"en:dairies, en:fats, en:spreads, en:spreadable-fats, en:animal-fats, en:dairy-spreads, en:milkfat, en:butters, en:salted-butters","Butter 64% (milk), rapeseed oil, water, lactic culture (milk), salt",https://images.openfoodfacts.org/images/products/574/090/040/2751/front_en.3.400.jpg
3250393414510,Beurre doux,"en:dairies, en:fats, en:spreads, en:frozen-foods, en:spreadable-fats, en:animal-fats, en:dairy-spreads, en:milkfat, en:butters, en:unsalted-butters, en:sweet-cream-butters","Crème* pasteurisée, ferments lactiques*
*dont _lait_",https://images.openfoodfacts.org/images/products/325/039/341/4510/front_fr.13.400.jpg
5000246728749,Butter,"en:dairies, en:fats, en:spreads, en:spreadable-fats, en:animal-fats, en:dairy-spreads, en:milkfat, en:butters","Anchor Butter (50%) (Milk), Rapeseed Oil (29%), Water, Salt (1.1%), Colour (Beta Carotene)",https://images.openfoodfacts.org/images/products/500/024/672/8749/front_en.11.400.jpg
5054775188239,Tesco British Salted Block Butter,"en:dairies, en:fats, en:spreads, en:spreadable-fats, en:animal-fats, en:dairy-spreads, en:milkfat, en:butters, en:half-salted-butter","Butter (Milk), Salt (1.5%).",https://images.openfoodfacts.org/images/products/505/477/518/8239/front_en.22.400.jpg
4056489108375,Краве масло 82%,"en:dairies, en:fats, en:spreads, en:spreadable-fats, en:animal-fats, en:dairy-spreads, en:milkfat, en:butters, en:sweet-cream-butters",масло,https://images.openfoodfacts.org/images/products/405/648/910/8375/front_en.15.400.jpg
3451790828751,Le Beurre Lidl 82% MG Doux,"en:dairies, en:fats, en:spreads, en:spreadable-fats, en:animal-fats, en:dairy-spreads, en:milkfat, en:butters, en:unsalted-butters, en:sweet-cream-butters","Crème (origine France), matière grasse laitière, ferments lactiques.",https://images.openfoodfacts.org/images/products/345/179/082/8751/front_fr.56.400.jpg
3564700014516,Beurre de bretagne doux,"en:dairies, en:fats, en:spreads, en:fresh-foods, en:spreadable-fats, en:animal-fats, en:dairy-spreads, en:milkfat, en:butters, en:sweet-cream-butters",_Beurre_ doux,https://images.openfoodfacts.org/images/products/356/470/001/4516/front_fr.63.400.jpg
3155253020934,Beurre doux 60%,"en:dairies, en:fats, en:spreads, en:spreadable-fats, en:animal-fats, en:dairy-spreads, en:milkfat, en:butters, en:unsalted-butters, en:light-unsalted-butter-with-60-62-fat","Milk, Butter ,water, Lactic ferments",https://images.openfoodfacts.org/images/products/315/525/302/0934/front_en.8.400.jpg
4001954165018,Kerrygold extra Butter & Rapsöl - ungesalzen,"en:plant-based-foods-and-beverages, en:dairies, en:plant-based-foods, en:fats, en:spreads, en:plant-based-spreads, en:spreadable-fats, en:animal-fats, en:dairy-spreads, en:milkfat, en:butters, de:streichfette","Butter (63%), Wasser, Rapsöl (13%)",https://images.openfoodfacts.org/images/products/400/195/416/5018/front_de.131.400.jpg
8480000207272,Mantequilla con sal,"en:dairies, en:fats, en:spreads, en:spreadable-fats, en:animal-fats, en:dairy-spreads, en:milkfat, en:butters, en:salted-butters, en:lacteos","pasteurized cream, lactic ferments, salt and vitamna a",https://images.openfoodfacts.org/images/products/848/000/020/7272/front_es.17.400.jpg
5740900404496,Butter,"en:dairies, en:fats, en:spreads, en:spreadable-fats, en:animal-fats, en:dairy-spreads, en:milkfat, en:butters","butter (milk), lactic culture (milk), salt,",https://images.openfoodfacts.org/images/products/574/090/040/4496/front_en.3.400.jpg
20139315,Beurre Gastronomique Doux,"en:dairies, en:fats, en:spreads, en:fresh-foods, en:spreadable-fats, en:animal-fats, en:dairy-spreads, en:milkfat, en:butters, en:unsalted-butters, en:sweet-cream-butters","Beurre (lait (Origine : Irlande, Belgique, France, Allemagne, Pays-Bas, Portugal)).",https://images.openfoodfacts.org/images/products/000/002/013/9315/front_fr.106.400.jpg
3155250367049,beurre président 1/2 sel,"en:dairies, en:fats, en:spreads, en:spreadable-fats, en:animal-fats, en:dairy-spreads, en:milkfat, en:butters, en:half-salted-butter","beurre (lait), sel 3%",https://images.openfoodfacts.org/images/products/315/525/036/7049/front_fr.93.400.jpg
5000165024014,Pure Irish Butter,"en:dairies, en:fats, en:spreads, en:spreadable-fats, en:animal-fats, en:dairy-spreads, en:milkfat, en:butters","Cream, Salt (1.8%).",https://images.openfoodfacts.org/images/products/500/016/502/4014/front_en.20.400.jpg
3700342358940,Beurre bio demi sel,"en:dairies, en:fats, en:spreads, en:spreadable-fats, en:animal-fats, en:dairy-spreads, en:milkfat, en:butters, en:half-salted-butter","Creme pasteurisée issue de l'agriculture biologique (lait origine France), sel 2% (origine France), ferments lactiques (lait).",https://images.openfoodfacts.org/images/products/370/034/235/8940/front_fr.3.400.jpg
0068100084665,JUSTE DES ARACHIDES CREMEUX TOUT NATUREL BEURRE D'ARACHIDE,"en:plant-based-foods-and-beverages, en:dairies, en:plant-based-foods, en:legumes-and-their-products, en:fats, en:spreads, en:nuts-and-their-products, en:plant-based-spreads, en:spreadable-fats, en:animal-fats, en:dairy-spreads, en:milkfat, en:oilseed-purees, en:butters, en:legume-butters, en:nut-butters, en:peanut-butters, en:vegan",100% (select) roasted peanuts,https://images.openfoodfacts.org/images/products/006/810/008/4665/front_en.79.400.jpg
4008452010222,Butter,"en:dairies, en:fats, en:spreads, en:spreadable-fats, en:animal-fats, en:dairy-spreads, en:milkfat, en:butters, en:mildly-soured-butters, de:deutsche-markenbutter",Butter,https://images.openfoodfacts.org/images/products/400/845/201/0222/front_en.78.400.jpg
01117011,Unsalted English Butter,"en:dairies, en:fats, en:spreads, en:spreadable-fats, en:animal-fats, en:dairy-spreads, en:milkfat, en:butters, en:unsalted-butters",unsalted butter,https://images.openfoodfacts.org/images/products/000/000/111/7011/front_en.6.400.jpg
5603722493812,manteiga Magra,"en:dairies, en:fats, en:spreads, en:spreadable-fats, en:animal-fats, en:dairy-spreads, en:milkfat, en:butters, en:light-butter, en:salted-butters","Água, _matéria gorda láctea_, _proteínas de leite_, amido modificado, sal: 1,2%, emulsionantes: mono e diglicéridos de ácidos gordos e polirricinoleato de poliglicerol, aromas naturais, conservante: sorbato de potássio e corante: carotenos.",https://images.openfoodfacts.org/images/products/560/372/249/3812/front_pt.59.400.jpg
5000246728725,Anchor Butter,"en:dairies, en:fats, en:spreads, en:spreadable-fats, en:animal-fats, en:dairy-spreads, en:milkfat, en:butters, en:salted-butters","Butter (_Milk_), Salt (1.7%).",https://images.openfoodfacts.org/images/products/500/024/672/8725/front_en.3.400.jpg
3228020390131,Manteiga Magra com sal,"en:dairies, en:fats, en:spreads, en:spreadable-fats, en:animal-fats, en:dairy-spreads, en:milkfat, en:butters, en:light-butter, en:salted-butters","Água, manteiga (_leite_), amido modificado, sal (1,4%), gelatina, fermentos lácticos (_leite_), emulsionante: E471, conservante: sorbato de potássio, corante: carotenos, vitaminas A e E, aroma natural.",https://images.openfoodfacts.org/images/products/322/802/039/0131/front_pt.74.400.jpg
3228021000084,Meersalz Butter,"en:plant-based-foods-and-beverages, en:dairies, en:plant-based-foods, en:fats, en:spreads, en:plant-based-spreads, en:spreadable-fats, en:animal-fats, en:dairy-spreads, en:milkfat, en:butters, de:streichfette, en:half-salted-butter, en:salted-butters","Butter, Salz (2,5%).",https://images.openfoodfacts.org/images/products/322/802/100/0084/front_de.107.400.jpg
3245411386702,Beurre tendre Doux,"en:dairies, en:fats, en:spreads, en:spreadable-fats, en:animal-fats, en:dairy-spreads, en:milkfat, en:butters, en:unsalted-butters, en:easy-to-spread-unsalted-butter-with-82-fat, en:pasteurized-butters",Beurre doux pasteurisé,https://images.openfoodfacts.org/images/products/324/541/138/6702/front_fr.75.400.jpg
3256222646886,"Beurre doux 82%mg, plaquette de 250g","en:dairies, en:fats, en:spreads, en:spreadable-fats, en:animal-fats, en:dairy-spreads, en:milkfat, en:butters, en:unsalted-butters, en:pasteurized-butters, en:sweet-cream-butters",BEURRE doux 82% de matière grasse issu de l'agriculture biologique. LAIT origine France.,https://images.openfoodfacts.org/images/products/325/622/264/6886/front_fr.58.400.jpg
3564700014509,Beurre de Bretagne demi sel,"en:dairies, en:fats, en:spreads, en:spreadable-fats, en:animal-fats, en:dairy-spreads, en:milkfat, en:butters, en:half-salted-butter","Beurre, sel (2%).
Lait: origine France",https://images.openfoodfacts.org/images/products/356/470/001/4509/front_en.4.400.jpg
3184030001187,Paysan Breton - Beurre moulé doux,"en:dairies, en:fats, en:spreads, en:fresh-foods, en:spreadable-fats, en:animal-fats, en:dairy-spreads, en:milkfat, en:butters, en:molded-butters, en:sweet-cream-butters",_Beurre,https://images.openfoodfacts.org/images/products/318/403/000/1187/front_fr.44.400.jpg
3250390626633,BEURRE BIOLOGIQUE DOUX MOULE 250g origine France,"en:dairies, en:fats, en:spreads, en:fresh-foods, en:spreadable-fats, en:animal-fats, en:dairy-spreads, en:milkfat, en:butters, en:molded-butters, en:sweet-cream-butters, fr:autres-produits","Crème* pasteurisée issue de l'agriculture biologique (Origine : France), ferments lactiques*. *dont lait",https://images.openfoodfacts.org/images/products/325/039/062/6633/front_fr.41.400.jpg
3270190020288,Beurre Gastronomique Doux,"en:dairies, en:fats, en:spreads, en:fresh-foods, en:spreadable-fats, en:animal-fats, en:dairy-spreads, en:milkfat, en:butters, en:unsalted-butters, en:sweet-cream-butters, en:unsalted-butter-with-82-fat","Crème de _lait_ pasteurisée, ferments _lactiques_.",https://images.openfoodfacts.org/images/products/327/019/002/0288/front_fr.102.400.jpg
3254550021658,Beurre doux bio,"en:dairies, en:fats, en:spreads, en:spreadable-fats, en:animal-fats, en:dairy-spreads, en:milkfat, en:butters, en:unsalted-butters, en:sweet-cream-butters","crème de _lait_ pasteurisée issues de l'Agriculture Biologique, ferments _lactiques_",https://images.openfoodfacts.org/images/products/325/455/002/1658/front_fr.32.400.jpg
3254550025984,Beurre de Baratte Doux,"en:dairies, en:fats, en:spreads, en:spreadable-fats, en:animal-fats, en:dairy-spreads, en:milkfat, en:butters, en:refrigerated-foods, en:pasteurized-butters, en:sweet-cream-butters, fr:beurres-de-baratte","Crème de _lait_ pasteurisée (origine : France), ferments lactiques",https://images.openfoodfacts.org/images/products/325/455/002/5984/front_fr.45.400.jpg
3523230030755,Beurre au sel de mer,"en:dairies, en:fats, en:spreads, en:spreadable-fats, en:animal-fats, en:dairy-spreads, en:milkfat, en:butters, en:half-salted-butter","_Crème_ pasteurisée (origine France), sel, ferments lactiques",https://images.openfoodfacts.org/images/products/352/323/003/0755/front_fr.29.400.jpg
3523239723009,Beurre moulé aux cristaux de sel de Mer de Noirmoutier,"en:dairies, en:fats, en:spreads, en:fresh-foods, en:spreadable-fats, en:animal-fats, en:dairy-spreads, en:milkfat, en:butters, en:half-salted-butter, en:molded-butters","_Crème_ pasteurisée (origine France), sel ajouté 3% dont 2% de cristaux de sel marin de Noirmoutier, ferments lactiques (dont _lait_)",https://images.openfoodfacts.org/images/products/352/323/972/3009/front_fr.56.400.jpg
3155251208082,Beurrier saveur gastronomique doux,"en:dairies, en:fats, en:spreads, en:spreadable-fats, en:animal-fats, en:dairy-spreads, en:milkfat, en:butters, en:unsalted-butters, en:pasteurized-butters, en:sweet-cream-butters",Beurre (crème origine France).,https://images.openfoodfacts.org/images/products/315/525/120/8082/front_fr.30.400.jpg
00351546,Salted English Butter,"en:dairies, en:fats, en:spreads, en:spreadable-fats, en:animal-fats, en:dairy-spreads, en:milkfat, en:butters, en:salted-butters","_Butter_ (cow's _milk_) (98%), Salt (1.6%)",https://images.openfoodfacts.org/images/products/000/000/035/1546/front_en.28.400.jpg
3228022910023,Beurre doux,"en:dairies, en:fats, en:spreads, en:spreadable-fats, en:animal-fats, en:dairy-spreads, en:milkfat, en:butters, en:unsalted-butters, en:sweet-cream-butters","Beurre (crème origine UE) lait, ferments lactiques",https://images.openfoodfacts.org/images/products/322/802/291/0023/front_fr.62.400.jpg
3412290011067,Beurre moulé doux,"en:dairies, en:fats, en:spreads, en:spreadable-fats, en:animal-fats, en:dairy-spreads, en:milkfat, en:butters, en:unsalted-butters, en:molded-butters, en:sweet-cream-butters",_Beurre_ doux,https://images.openfoodfacts.org/images/products/341/229/001/1067/front_fr.26.400.jpg
5054775188321,Unsalted Butter,"en:dairies, en:fats, en:spreads, en:spreadable-fats, en:animal-fats, en:dairy-spreads, en:milkfat, en:butters, en:unsalted-butters",Butter (Milk),https://images.openfoodfacts.org/images/products/505/477/518/8321/front_en.34.400.jpg
8480000909336,Mantequilla Light,"en:dairies, en:fermented-foods, en:fermented-milk-products, en:cheeses, en:fats, en:spreads, en:spreadable-fats, en:animal-fats, en:dairy-spreads, en:milkfat, en:butters, es:e",nada,https://images.openfoodfacts.org/images/products/848/000/090/9336/front_en.29.400.jpg
5010171005006,Spreadable Tub,"en:plant-based-foods-and-beverages, en:dairies, en:plant-based-foods, en:fats, en:spreads, en:plant-based-spreads, en:vegetable-fats, en:spreadable-fats, en:animal-fats, en:dairy-spreads, en:margarines, en:milkfat, en:butters","Butter, Rapeseed Oil, Water, Salt",https://images.openfoodfacts.org/images/products/501/017/100/5006/front_en.3.400.jpg
4056489383444,Spreadable west contry butter,"en:dairies, en:fats, en:spreads, en:spreadable-fats, en:animal-fats, en:dairy-spreads, en:milkfat, en:butters","64% Butter (Milk), 26% Rapeseed Oil, Water, 0.9% Cornish Sea Salt, Salt.",https://images.openfoodfacts.org/images/products/405/648/938/3444/front_en.26.400.jpg
3155250367094,La motte de beurre aux cristaux de sel.as,"en:dairies, en:fats, en:spreads, en:spreadable-fats, en:animal-fats, en:dairy-spreads, en:milkfat, en:butters, en:half-salted-butter, en:pasteurized-butters","Beurre (lait) (crème (origine France et UE), matière grasse laitière, ferments lactiques), sel (3% max).",https://images.openfoodfacts.org/images/products/315/525/036/7094/front_fr.128.400.jpg
3451790563379,Beurre Demi-Sel à teneur réduite en M.G. (60%),"en:dairies, en:fats, en:spreads, en:spreadable-fats, en:animal-fats, en:dairy-spreads, en:milkfat, en:butters, en:half-salted-butter, en:light-butter, en:pasteurized-butters","_Beurre_, eau, sel 1.8%, ferments lactiques (_lait_)",https://images.openfoodfacts.org/images/products/345/179/056/3379/front_fr.30.400.jpg
3412290011074,Paysan Breton - Beurre moulé demi sel,"en:dairies, en:fats, en:spreads, en:fresh-foods, en:spreadable-fats, en:animal-fats, en:dairy-spreads, en:milkfat, en:butters, en:half-salted-butter, en:molded-butters","_Beurre_, sel 2%",https://images.openfoodfacts.org/images/products/341/229/001/1074/front_fr.28.400.jpg
20155575,Beurre aux cristaux de sel,"en:dairies, en:fats, en:spreads, en:spreadable-fats, en:animal-fats, en:dairy-spreads, en:milkfat, en:butters, en:half-salted-butter","Beurre pasteurisé (lait (Origine: France)), 3% cristaux de sel de Noirmoutier.",https://images.openfoodfacts.org/images/products/000/002/015/5575/front_fr.42.400.jpg
3161919369286,Les Mini-Beurre Doux,"en:dairies, en:fats, en:spreads, en:spreadable-fats, en:animal-fats, en:dairy-spreads, en:milkfat, en:butters, en:unsalted-butters, en:sweet-cream-butters, en:unsalted-butter-with-82-fat, fr:mini-beurres","_Crème_ (origine France), matière grasse _laitière_, ferments lactiques",https://images.openfoodfacts.org/images/products/316/191/936/9286/front_fr.101.400.jpg
4056489565642,Beurre doux bio,"en:dairies, en:fats, en:spreads, en:spreadable-fats, en:animal-fats, en:dairy-spreads, en:milkfat, en:butters, en:unsalted-butters",,https://images.openfoodfacts.org/images/products/405/648/956/5642/front_en.18.400.jpg
3270190022824,BEURRE MOULÉ DE Bretagne Doux,"en:dairies, en:fats, en:spreads, en:spreadable-fats, en:animal-fats, en:dairy-spreads, en:milkfat, en:butters, en:refrigerated-foods, en:unsalted-butters, en:molded-butters, en:pasteurized-butters, en:sweet-cream-butters","_Beurre_ (crème de _lait_ pasteurisée, ferments _lactiques_).",https://images.openfoodfacts.org/images/products/327/019/002/2824/front_fr.45.400.jpg
20959968,Mantequilla Light*,"en:dairies, en:fats, en:spreads, en:spreadable-fats, en:animal-fats, en:dairy-spreads, en:milkfat, en:butters",,https://images.openfoodfacts.org/images/products/000/002/095/9968/front_es.55.400.jpg
6111271520044,peanut butter crunchy,"en:plant-based-foods-and-beverages, en:dairies, en:plant-based-foods, en:legumes-and-their-products, en:fats, en:spreads, en:nuts-and-their-products, en:plant-based-spreads, en:spreadable-fats, en:animal-fats, en:dairy-spreads, en:milkfat, en:oilseed-purees, en:butters, en:legume-butters, en:nut-butters, en:peanut-butters",100 % cacahuètes grillées,https://images.openfoodfacts.org/images/products/611/127/152/0044/front_fr.3.400.jpg
3250390499749,BEURRE TENDRE DOUX bq,"en:dairies, en:fats, en:spreads, en:spreadable-fats, en:animal-fats, en:dairy-spreads, en:milkfat, en:butters, en:unsalted-butters, en:sweet-cream-butters, fr:autres-produits","Beurre pasteurisé (crème** pasteurisée (Origine: UE), ferments lactiques**). **dont lait.",https://images.openfoodfacts.org/images/products/325/039/049/9749/front_fr.41.400.jpg
3184030001194,Paysan Breton - Beurre moulé demi-sel,"en:dairies, en:fats, en:spreads, en:fresh-foods, en:spreadable-fats, en:animal-fats, en:dairy-spreads, en:milkfat, en:butters, en:half-salted-butter, en:molded-butters","Beurre, Sel (2%)–",https://images.openfoodfacts.org/images/products/318/403/000/1194/front_en.59.400.jpg
5740900805309,Lurpak Spreadable Slightly Salted,"en:dairies, en:fats, en:spreads, en:spreadable-fats, en:animal-fats, en:dairy-spreads, en:milkfat, en:butters","butter (64%) (milk), rapeseed oil, water, lactic culture (milk), salt",https://images.openfoodfacts.org/images/products/574/090/080/5309/front_en.19.400.jpg
4056489108214,Mantequilla sin sal,"en:dairies, en:fats, en:spreads, en:spreadable-fats, en:animal-fats, en:dairy-spreads, en:milkfat, en:butters",Mantequilla.,https://images.openfoodfacts.org/images/products/405/648/910/8214/front_es.99.400.jpg
20593452,Beurre gastronomique demi sel,"en:dairies, en:fats, en:spreads, en:spreadable-fats, en:animal-fats, en:dairy-spreads, en:milkfat, en:butters, en:half-salted-butter","Crème (lait (Origine : France, Allemagne, Pays-Bas, Belgique, Irlande, Espagne)), 2% sel, ferments lactiques (lait).",https://images.openfoodfacts.org/images/products/000/002/059/3452/front_fr.43.400.jpg
3252920012305,Beurre de baratte doux,"en:dairies, en:fats, en:spreads, en:spreadable-fats, en:animal-fats, en:dairy-spreads, en:milkfat, en:butters, en:pasteurized-butters, en:sweet-cream-butters, fr:beurres-de-baratte, fr:beurres-margarines","Crème de lait pasteurisé, ferments lactiques.",https://images.openfoodfacts.org/images/products/325/292/001/2305/front_fr.37.400.jpg
3564700291962,Beurrier tendre 80%mg,"en:dairies, en:fats, en:spreads, en:spreadable-fats, en:animal-fats, en:dairy-spreads, en:milkfat, en:butters, en:half-salted-butter","Creme (origine: ue), matière grasse laitière anhydre, sel (2%), ferments lactiques,",https://images.openfoodfacts.org/images/products/356/470/029/1962/front_fr.36.400.jpg
3412290027686,Beurre,"en:dairies, en:fats, en:spreads, en:spreadable-fats, en:animal-fats, en:dairy-spreads, en:milkfat, en:butters",Lait,https://images.openfoodfacts.org/images/products/341/229/002/7686/front_fr.3.400.jpg
8901262010320,Amul Butter,"en:dairies, en:fats, en:spreads, en:spreadable-fats, en:animal-fats, en:dairy-spreads, en:milkfat, en:butters","Butter, iodized salt, natural colour (annatto)",https://images.openfoodfacts.org/images/products/890/126/201/0320/front_en.3.400.jpg
4056489841074,Beurre tendre doux,"en:dairies, en:fats, en:spreads, en:spreadable-fats, en:animal-fats, en:dairy-spreads, en:milkfat, en:butters, en:unsalted-butters",Lait origine France.,https://images.openfoodfacts.org/images/products/405/648/984/1074/front_fr.3.400.jpg
20017675,Pilos unt sarat,"en:dairies, en:fats, en:spreads, en:spreadable-fats, en:animal-fats, en:dairy-spreads, en:milkfat, en:butters","cow's milk, âgua, salt to maintain a temperature of less than 80 c, best before: (below), produced in germany, this item is approx, 12 porçôes 208",https://images.openfoodfacts.org/images/products/000/002/001/7675/front_en.41.400.jpg
20139346,Beurre Doux Extrafin,"en:dairies, en:fats, en:spreads, en:fresh-foods, en:spreadable-fats, en:animal-fats, en:dairy-spreads, en:milkfat, en:butters, en:unsalted-butters, en:pasteurized-butters, en:sweet-cream-butters","Pasteurized Cream, Lactic Ferments Milk",https://images.openfoodfacts.org/images/products/000/002/013/9346/front_fr.81.400.jpg
3245390221698,Beurre d'Isigny de baratte,"en:dairies, en:fats, en:spreads, en:spreadable-fats, en:animal-fats, en:dairy-spreads, en:milkfat, en:butters, en:unsalted-butters, en:french-butters, en:unsalted-butter-with-82-fat, fr:beurre-d-isigny, fr:beurres-de-baratte","Crème de lait, ferments lactiques.",https://images.openfoodfacts.org/images/products/324/539/022/1698/front_fr.77.400.jpg
3245411386757,Beurre tendre,"en:dairies, en:fats, en:spreads, en:spreadable-fats, en:animal-fats, en:dairy-spreads, en:milkfat, en:butters, en:half-salted-butter","_Beurre_ (lait origine UE), sel 2%.",https://images.openfoodfacts.org/images/products/324/541/138/6757/front_fr.41.400.jpg
6111037002548,MARG MAGDOR 450G,"en:dairies, en:fats, en:spreads, en:spreadable-fats, en:animal-fats, en:dairy-spreads, en:milkfat, en:butters",,https://images.openfoodfacts.org/images/products/611/103/700/2548/front_fr.8.400.jpg
3564707001175,Beurre demi-sel 80%mg,"en:dairies, en:fats, en:spreads, en:fresh-foods, en:spreadable-fats, en:animal-fats, en:dairy-spreads, en:milkfat, en:butters, en:half-salted-butter, en:pasteurized-butters","Crème pasteurisée*, sel 2%, ferments lactiques (dont lait).
 *Ingrédient issu de l'agriculture biologique.",https://images.openfoodfacts.org/images/products/356/470/700/1175/front_fr.35.400.jpg
5054775467549,Butterpak Spreadable,"en:dairies, en:fats, en:spreads, en:salted-spreads, en:spreadable-fats, en:animal-fats, en:dairy-spreads, en:milkfat, en:butters","butter 64% (Milk), rapeseed oil, water, lactic culture (milk), salt 0.9%",https://images.openfoodfacts.org/images/products/505/477/546/7549/front_en.3.400.jpg
3366321055523,L'original,"en:plant-based-foods-and-beverages, en:dairies, en:plant-based-foods, en:fats, en:spreads, en:plant-based-spreads, en:vegetable-fats, en:spreadable-fats, en:animal-fats, en:dairy-spreads, en:margarines, en:milkfat, en:butters, en:half-salted-butter, en:light-butter","Eau, huiles et stéarine végétales 44% (colza, coprah, palme), beurre (LAIT) 10%, sel 1,5%, émulsifiant (lécithine de SOJA), correcteur d'acidité (acide lactique), conservateur (sorbate de potassium), arôme naturel, colorant (bêta-carotène). Traces éventuelles d'ARACHIDES.",https://images.openfoodfacts.org/images/products/336/632/105/5523/front_fr.3.400.jpg
3700342358339,Beurre traditionnel demi-sel,"en:dairies, en:fats, en:spreads, en:spreadable-fats, en:animal-fats, en:dairy-spreads, en:milkfat, en:butters, en:half-salted-butter","Crème (_lait_), sel 2%, ferments lactiques (_lait_)",https://images.openfoodfacts.org/images/products/370/034/235/8339/front_fr.36.400.jpg
3564700014493,Beurre extra fin doux 82% MG,"en:dairies, en:fats, en:spreads, en:fresh-foods, en:spreadable-fats, en:animal-fats, en:dairy-spreads, en:milkfat, en:butters, en:pasteurized-butters, en:sweet-cream-butters","Crème pasteurisée, ferments lactiques. Fabriqué à partir de crème origine France.",https://images.openfoodfacts.org/images/products/356/470/001/4493/front_fr.87.400.jpg
5740900805408,Lurpak Spreadable Slightly Salted,"en:dairies, en:fats, en:spreads, en:spreadable-fats, en:animal-fats, en:dairy-spreads, en:milkfat, en:butters","butter (64%) (milk), rapeseed oil, water, lactic culture (milk), salt, for allergens, see ingredients in bold,",https://images.openfoodfacts.org/images/products/574/090/080/5408/front_en.10.400.jpg
4061458018913,Streichfein ungesalzen,"en:dairies, en:fats, en:spreads, en:spreadable-fats, en:animal-fats, en:dairy-spreads, en:milkfat, en:butters","63% mildgesäuerte Butter, Wasser, 13 % Rapsöl.",https://images.openfoodfacts.org/images/products/406/145/801/8913/front_de.76.400.jpg
3564700497913,Beurre de Bretagne doux 82% Mat. Gr.,"en:dairies, en:fats, en:spreads, en:spreadable-fats, en:animal-fats, en:dairy-spreads, en:milkfat, en:butters, en:unsalted-butters, en:sweet-cream-butters",/ Fabriqué à partir de lait d'origine France.,https://images.openfoodfacts.org/images/products/356/470/049/7913/front_fr.31.400.jpg
3250392744779,BEURRE BIOLOGIQUE DOUX PQ 250g origine France,"en:dairies, en:fats, en:spreads, en:spreadable-fats, en:animal-fats, en:dairy-spreads, en:milkfat, en:butters, en:unsalted-butters, en:sweet-cream-butters, fr:autres-produits","Crème* pasteurisée issuede l'agriculture biologique (Origine : France), ferments lactiques*. *dont lait",https://images.openfoodfacts.org/images/products/325/039/274/4779/front_fr.39.400.jpg
3155250361825,President spreadable lightly salted,"en:dairies, en:fats, en:spreads, en:spreadable-fats, en:animal-fats, en:dairy-spreads, en:milkfat, en:butters, en:half-salted-butter","Beurre, crème légère, sel (1.3% max), ferments lactiques.",https://images.openfoodfacts.org/images/products/315/525/036/1825/front_en.29.400.jpg
5603722493942,Manteiga com Sal,"en:dairies, en:fats, en:spreads, en:spreadable-fats, en:animal-fats, en:dairy-spreads, en:milkfat, en:butters, en:salted-butters","_Nata_ pasteurizada, sal: 2% e _fermentos lácteos_",https://images.openfoodfacts.org/images/products/560/372/249/3942/front_pt.48.400.jpg
6111245340333,Beurre,"en:dairies, en:fats, en:spreads, en:spreadable-fats, en:animal-fats, en:dairy-spreads, en:milkfat, en:butters",,https://images.openfoodfacts.org/images/products/611/124/534/0333/front_en.3.400.jpg
3451790011269,Beurre à teneur réduite en matières grasses,"en:dairies, en:fats, en:spreads, en:spreadable-fats, en:animal-fats, en:dairy-spreads, en:milkfat, en:butters, en:unsalted-butters, en:light-butter, en:sweet-cream-butters","Beurre, eau, ferments lactiques (lait)",https://images.openfoodfacts.org/images/products/345/179/001/1269/front_fr.68.400.jpg
20669386,Beurre Tendre Doux,"en:dairies, en:fats, en:spreads, en:spreadable-fats, en:animal-fats, en:dairy-spreads, en:milkfat, en:butters, en:unsalted-butters, en:pasteurized-butters, en:sweet-cream-butters",Beurre pasteurisé (_lait_ (origine UE).,https://images.openfoodfacts.org/images/products/000/002/066/9386/front_fr.77.400.jpg
3155250367063,La Motte Beurre doux pasteurisé 82 % de mat. gr. eurre doux pasteurisé 82 % de mat. gr.,"en:dairies, en:fats, en:spreads, en:spreadable-fats, en:animal-fats, en:dairy-spreads, en:milkfat, en:butters, en:pasteurized-butters, en:sweet-cream-butters",beurre (crème origine UE).,https://images.openfoodfacts.org/images/products/315/525/036/7063/front_fr.98.400.jpg
3250390010647,BEURRE 1/2 SEL MOULE 500g origine France,"en:dairies, en:fats, en:spreads, en:spreadable-fats, en:animal-fats, en:dairy-spreads, en:milkfat, en:butters, en:half-salted-butter, en:molded-butters, fr:autres-produits","Crème* pasteurisée (Origine: France), sel (2%), ferments lactiques*. *dont lait",https://images.openfoodfacts.org/images/products/325/039/001/0647/front_fr.39.400.jpg
3256224252061,Beurre demi sel de baratte - plaquette de 250g,"en:dairies, en:fats, en:spreads, en:spreadable-fats, en:animal-fats, en:dairy-spreads, en:milkfat, en:butters, en:half-salted-butter","CREME DE LAIT pasteurisée issue de l'agriculture biologique, ferments (dont LAIT), sel de Guérande 2.2%",https://images.openfoodfacts.org/images/products/325/622/425/2061/front_fr.97.400.jpg
3412290019384,Paysan Breton - Beurre Tendre demi-sel,"en:dairies, en:fats, en:spreads, en:spreadable-fats, en:animal-fats, en:dairy-spreads, en:milkfat, en:butters, en:half-salted-butter, fr:beurrier","_beurre_ , sel 2%",https://images.openfoodfacts.org/images/products/341/229/001/9384/front_en.5.400.jpg
4056489452775,Carshew butter,"en:dairies, en:fats, en:spreads, en:spreadable-fats, en:animal-fats, en:dairy-spreads, en:milkfat, en:butters","25% noix de cajou (fruit à coque), huiles végétales (tournesol, palme), 22% sucre, maltodextrine, lait écrémé en poudre, émulsifiant : lécithines ; sel de mer. Traces éventuelles de d'autres fruits à coque et d'arachides.",https://images.openfoodfacts.org/images/products/405/648/945/2775/front_en.3.400.jpg
7311870010970,Bregott - Normalsaltat,"en:plant-based-foods-and-beverages, en:dairies, en:plant-based-foods, en:fats, en:spreads, en:plant-based-spreads, en:salted-spreads, en:vegetable-fats, en:spreadable-fats, en:animal-fats, en:dairy-spreads, en:margarines, en:milkfat, en:butters, en:50-63-lightly-salted-blended-fat-with-vegetable-and-animal-origins","Smör (pastöriserad grädde, mjölksyrakultur), rapsolja, vatten, salt, vitamin A, vitamin D",https://images.openfoodfacts.org/images/products/731/187/001/0970/front_sv.27.400.jpg
20058302,Beurre moulé doux 500g,"en:dairies, en:fats, en:spreads, en:spreadable-fats, en:animal-fats, en:dairy-spreads, en:milkfat, en:butters, en:molded-butters, en:sweet-cream-butters",Beurre,https://images.openfoodfacts.org/images/products/000/002/005/8302/front_fr.28.400.jpg
3256221135848,"Beurre doux à teneur réduite en matière grasse Ma Prairie 60%mg, 250g","en:dairies, en:fats, en:spreads, en:spreadable-fats, en:animal-fats, en:dairy-spreads, en:milkfat, en:butters, en:unsalted-butters, en:light-butter, en:sweet-cream-butters","Matière grasse laitière (lait), lait écrémé",https://images.openfoodfacts.org/images/products/325/622/113/5848/front_fr.80.400.jpg
3270190020295,BEURRE MOULÉ DE Bretagne Demi sel,"en:dairies, en:fats, en:spreads, en:fresh-foods, en:spreadable-fats, en:animal-fats, en:dairy-spreads, en:milkfat, en:butters, en:half-salted-butter, en:molded-butters, en:pasteurized-butters","_Crème_ (_lait_ : Origine France (Bretagne)), sel (2%), ferments _lactiques.",https://images.openfoodfacts.org/images/products/327/019/002/0295/front_fr.37.400.jpg
3560070655786,Beurre moulé de baratte demi-sel,"en:dairies, en:fats, en:spreads, en:spreadable-fats, en:animal-fats, en:dairy-spreads, en:milkfat, en:butters, en:butter-fat, en:half-salted-butter, en:molded-butters","Crème de _lait_ pasteurisée biologique (origine France), sel 2%, ferments _lactiques_.",https://images.openfoodfacts.org/images/products/356/007/065/5786/front_fr.44.400.jpg
0767707001678,Pure Irish Butter,"en:dairies, en:fats, en:spreads, en:spreadable-fats, en:animal-fats, en:dairy-spreads, en:milkfat, en:butters, en:sweet-cream-butters","pasteurized cream, salt",https://images.openfoodfacts.org/images/products/076/770/700/1678/front_en.46.400.jpg
3523230057950,Beurre doux bio,"en:dairies, en:fats, en:spreads, en:spreadable-fats, en:animal-fats, en:dairy-spreads, en:milkfat, en:butters, en:unsalted-butters",Beurre biologique. Lait origine France.,https://images.openfoodfacts.org/images/products/352/323/005/7950/front_fr.3.400.jpg
20434861,Краве масло 80.5%,"en:dairies, en:fats, en:spreads, en:spreadable-fats, en:animal-fats, en:dairy-spreads, en:milkfat, en:butters, en:salted-butters","Краве масло, 1.8% трапезна сол.",https://images.openfoodfacts.org/images/products/000/002/043/4861/front_en.28.400.jpg
3256224252016,Beurre doux de baratte plaquette de 250g,"en:dairies, en:fats, en:spreads, en:spreadable-fats, en:animal-fats, en:dairy-spreads, en:milkfat, en:butters, en:unsalted-butters, en:pasteurized-butters, en:sweet-cream-butters, fr:beurres-de-baratte","CREME DE LAIT pasteurisée issue de l'agriculture biologique, ferments(dont LAIT).",https://images.openfoodfacts.org/images/products/325/622/425/2016/front_fr.91.400.jpg
5941355000220,Albalact unt masa 65%.,"en:dairies, en:fats, en:spreads, en:spreadable-fats, en:animal-fats, en:dairy-spreads, en:milkfat, en:butters, ro:unt-de-masa","Smantana standardizata, pasteurizata.",https://images.openfoodfacts.org/images/products/594/135/500/0220/front_ro.54.400.jpg
3155253020965,Tendre,"en:dairies, en:fats, en:spreads, en:spreadable-fats, en:animal-fats, en:dairy-spreads, en:milkfat, en:butters","Beurre (lait), eau, sel (1,6%), ferments lactiques (lait).",https://images.openfoodfacts.org/images/products/315/525/302/0965/front_fr.3.400.jpg
8480000207227,Mantequilla con sal,"en:dairies, en:fats, en:spreads, en:spreadable-fats, en:animal-fats, en:dairy-spreads, en:milkfat, en:butters","Nata pasteurizada, fermentos lácticos, sal (1%) y vitamina A (beta-caroteno)",https://images.openfoodfacts.org/images/products/848/000/020/7227/front_es.47.400.jpg
6111246510674,DOUX ALIA 180G BEURRE 82% MG,"en:dairies, en:fats, en:spreads, en:spreadable-fats, en:animal-fats, en:dairy-spreads, en:milkfat, en:butters",,https://images.openfoodfacts.org/images/products/611/124/651/0674/front_fr.7.400.jpg
3250390010630,BEURRE DOUX MOULE 500g,"en:dairies, en:fats, en:spreads, en:spreadable-fats, en:animal-fats, en:dairy-spreads, en:milkfat, en:butters, en:unsalted-butters, en:molded-butters, en:sweet-cream-butters, fr:autres-produits","Crème* pasteurisée (Origine : France), ferments lactiques*. *dont lait",https://images.openfoodfacts.org/images/products/325/039/001/0630/front_fr.51.400.jpg
7610128737127,Le beurre de crème pasteurisée,"en:dairies, en:fats, en:spreads, en:spreadable-fats, en:animal-fats, en:dairy-spreads, en:milkfat, en:butters, en:refrigerated-foods, en:pasteurized-butters, en:sweet-cream-butters",Beurre,https://images.openfoodfacts.org/images/products/761/012/873/7127/front_en.91.400.jpg
3451790988011,le beurre tendre,"en:dairies, en:fats, en:spreads, en:spreadable-fats, en:animal-fats, en:dairy-spreads, en:milkfat, en:butters, en:unsalted-butters, en:sweet-cream-butters","Crème (origine France), matière grasse laitière, ferments lactiques",https://images.openfoodfacts.org/images/products/345/179/098/8011/front_fr.11.400.jpg
3228020355741,Beurre demi sel,"en:dairies, en:fats, en:spreads, en:spreadable-fats, en:animal-fats, en:dairy-spreads, en:milkfat, en:butters, en:half-salted-butter","Creme de leite, cloreto de sódio (sal), fermentos láticos.",https://images.openfoodfacts.org/images/products/322/802/035/5741/front_es.35.400.jpg
3173980010035,Beurre Doux Extra-fin,"en:dairies, en:fats, en:spreads, en:spreadable-fats, en:animal-fats, en:dairy-spreads, en:milkfat, en:butters, en:unsalted-butters, en:pasteurized-butters, en:sweet-cream-butters","_Crème_ pasteurisée, ferments lactiques.",https://images.openfoodfacts.org/images/products/317/398/001/0035/front_fr.39.400.jpg
3256224252054,"Beurre moulé demi-sel 80%MG, plaquette de 500g","en:dairies, en:fats, en:spreads, en:fresh-foods, en:spreadable-fats, en:animal-fats, en:dairy-spreads, en:milkfat, en:butters, en:half-salted-butter, en:molded-butters","BEURRE, sel 2%",https://images.openfoodfacts.org/images/products/325/622/425/2054/front_fr.52.400.jpg
5000246728787,Yeo Valley Salted Butter,"en:dairies, en:fats, en:spreads, en:spreadable-fats, en:animal-fats, en:dairy-spreads, en:milkfat, en:butters, en:butter-fat","Organic unsalted butter (milk), salt.",https://images.openfoodfacts.org/images/products/500/024/672/8787/front_en.3.400.jpg
3184030001217,Beurre moulé demi-sel,"en:dairies, en:fats, en:spreads, en:fresh-foods, en:spreadable-fats, en:animal-fats, en:dairy-spreads, en:milkfat, en:butters, en:half-salted-butter, en:molded-butters","_Beurre_, sel 2%",https://images.openfoodfacts.org/images/products/318/403/000/1217/front_fr.45.400.jpg
3256224303008,Beurre tendre à tartiner doux 82% de matière grasse barquette de 250g,"en:dairies, en:fats, en:spreads, en:spreadable-fats, en:animal-fats, en:dairy-spreads, en:milkfat, en:butters, en:pasteurized-butters, en:sweet-cream-butters",Fabrique avec de la CREME origine France.,https://images.openfoodfacts.org/images/products/325/622/430/3008/front_fr.63.400.jpg
5740900403376,Smørbar,"en:plant-based-foods-and-beverages, en:dairies, en:plant-based-foods, en:fats, en:spreads, en:plant-based-spreads, en:spreadable-fats, en:animal-fats, en:dairy-spreads, en:milkfat, en:butters, de:streichfette","butter, canola oil, salt,",https://images.openfoodfacts.org/images/products/574/090/040/3376/front_en.54.400.jpg
4088600190112,British unsalted butter,"en:dairies, en:fats, en:spreads, en:spreadable-fats, en:animal-fats, en:dairy-spreads, en:milkfat, en:butters, en:unsalted-butters",80% Milk,https://images.openfoodfacts.org/images/products/408/860/019/0112/front_en.3.400.jpg
3564707174008,Beurre doux,"en:dairies, en:fats, en:spreads, en:spreadable-fats, en:animal-fats, en:dairy-spreads, en:milkfat, en:butters, en:unsalted-butters, en:sweet-cream-butters","Crème pasteurisée*, ferments lactiques. * Ingrédient issu de l'agriculture biologique.",https://images.openfoodfacts.org/images/products/356/470/717/4008/front_fr.43.400.jpg
8906001023043,Govardhan pure cow ghee 500ml,"en:dairies, en:fats, en:spreads, en:spreadable-fats, en:animal-fats, en:dairy-spreads, en:milkfat, en:butters, en:butter-fat, en:clarified-butter, en:ghee",,https://images.openfoodfacts.org/images/products/890/600/102/3043/front_en.6.400.jpg
3254550025991,Beurre de baratte 250g aux gros sel,"en:dairies, en:fats, en:spreads, en:spreadable-fats, en:animal-fats, en:dairy-spreads, en:milkfat, en:butters, en:half-salted-butter, fr:beurres-de-baratte","Crème de lait pasteurisée (origine : France), ferments lactiques, sel gros grains (3%)",https://images.openfoodfacts.org/images/products/325/455/002/5991/front_fr.22.400.jpg
3256222646893,Beurre demi sel bio 80%MG - plaquette de 250g,"en:dairies, en:fats, en:spreads, en:spreadable-fats, en:animal-fats, en:dairy-spreads, en:milkfat, en:butters, en:half-salted-butter","BEURRE issu de l agriculture biologique (LAIT origine France), sel ( 2%)",https://images.openfoodfacts.org/images/products/325/622/264/6893/front_fr.54.400.jpg
3270190025801,Beurre demi-sel,"en:dairies, en:fats, en:spreads, en:spreadable-fats, en:animal-fats, en:dairy-spreads, en:milkfat, en:butters, en:half-salted-butter","Crème issue de l'agriculture biologique (_lait_), sel (2%), ferments lactiques (_lait_)",https://images.openfoodfacts.org/images/products/327/019/002/5801/front_fr.54.400.jpg
3760121212597,Beurre doux de baratte 250g CC,"en:dairies, en:fats, en:spreads, en:spreadable-fats, en:animal-fats, en:dairy-spreads, en:milkfat, en:butters, en:unsalted-butters, en:sweet-cream-butters, fr:beurres-de-baratte","Crème de Lait Pasteurisée* 98% (France), Ferment Lactiques (lait)",https://images.openfoodfacts.org/images/products/376/012/121/2597/front_fr.32.400.jpg
5011038135126,Softer Butter,"en:dairies, en:fats, en:spreads, en:spreadable-fats, en:animal-fats, en:dairy-spreads, en:milkfat, en:butters, en:unsalted-butters","cream, salt (1.8%)",https://images.openfoodfacts.org/images/products/501/103/813/5126/front_en.9.400.jpg
3564706563278,Beurre Gastronomique,"en:dairies, en:fats, en:spreads, en:spreadable-fats, en:animal-fats, en:dairy-spreads, en:milkfat, en:butters, en:unsalted-butters, en:sweet-cream-butters","Beurre (lait).
Fabriqué à partir de lait d'origine UE.",https://images.openfoodfacts.org/images/products/356/470/656/3278/front_fr.54.400.jpg
4001954165803,"Kerrgold extra XXL, ungesalzen","en:dairies, en:fats, en:spreads, en:spreadable-fats, en:animal-fats, en:dairy-spreads, en:milkfat, en:butters, de:mischfette, en:unsalted-butters, de:mischstreichfett","Butter (63%), Wasser, Rapsöl (13%).",https://images.openfoodfacts.org/images/products/400/195/416/5803/front_de.84.400.jpg
26065724,Beurre Doux,"en:dairies, en:fats, en:spreads, en:spreadable-fats, en:animal-fats, en:dairy-spreads, en:milkfat, en:butters, en:unsalted-butters",Beurre doux (lait origine: UE) 82% de matières grasses,https://images.openfoodfacts.org/images/products/000/002/606/5724/front_fr.60.400.jpg
3155250301463,Demi-sel 15% Mat.Gr.,"en:dairies, en:fats, en:spreads, en:spreadable-fats, en:animal-fats, en:dairy-spreads, en:milkfat, en:butters, en:light-butter","Eau, matière grasse de lait, amidon, sel (2,2 %), lactose, amidon modifié, émulsifiants : E471, E476, épaississant : E466, concentré lactique, conservateur : sorbate de potassium, arômes naturels, colorant : bêta-carotène, vitamines A et E.",https://images.openfoodfacts.org/images/products/315/525/030/1463/front_fr.50.400.jpg
3155250347621,Beurre doux bio,"en:dairies, en:fats, en:spreads, en:fresh-foods, en:spreadable-fats, en:animal-fats, en:dairy-spreads, en:milkfat, en:butters, en:unsalted-butters, en:pasteurized-butters, en:sweet-cream-butters",Beurre issu de l'agriculture biologique,https://images.openfoodfacts.org/images/products/315/525/034/7621/front_en.76.400.jpg
3560070900565,LE BEURRE de Baratte,"en:dairies, en:fats, en:spreads, en:spreadable-fats, en:animal-fats, en:dairy-spreads, en:milkfat, en:butters, en:unsalted-butters, en:sweet-cream-butters, fr:beurres-de-baratte","Crème de _lait_ pasteurisée (lait origine France), ferments _lactiques_.",https://images.openfoodfacts.org/images/products/356/007/090/0565/front_fr.21.400.jpg
